{"cameraMode":{"drawMode":0,"name":"Shaded","section":"Shading Mode"},"sceneLighting":false,"audioPlay":false,"sceneViewState":{"m_AlwaysRefresh":false,"showFog":true,"showSkybox":false,"showFlares":true,"showImageEffects":true,"showParticleSystems":true,"showVisualEffectGraphs":true,"m_FxEnabled":true},"in2DMode":false,"pivot":{"x":3.988537311553955,"y":2.0314836502075197,"z":1.7984695434570313},"rotation":{"x":-0.3128551244735718,"y":-0.025073911994695665,"z":0.008262494578957558,"w":-0.9494429230690002},"size":11.852885246276856,"orthographic":false}