{"cameraMode":{"drawMode":0,"name":"Shaded","section":"Shading Mode"},"sceneLighting":false,"audioPlay":false,"sceneViewState":{"m_AlwaysRefresh":false,"showFog":true,"showSkybox":false,"showFlares":true,"showImageEffects":true,"showParticleSystems":true,"showVisualEffectGraphs":true,"m_FxEnabled":true},"in2DMode":false,"pivot":{"x":-1.010822057723999,"y":1.3028602600097657,"z":39.563480377197269},"rotation":{"x":-0.037789493799209598,"y":0.024580953642725946,"z":-0.0009210737189278007,"w":-0.9990053176879883},"size":29.120569229125978,"orthographic":false}